video_id,video_timestamp,video_duration,video_locationcreated,suggested_words,video_diggcount,video_sharecount,video_commentcount,video_playcount,video_description,video_is_ad,video_stickers,author_username,author_name,author_followercount,author_followingcount,author_heartcount,author_videocount,author_diggcount,author_verified
7305500598084881706,2023-11-25 15:33:44,15,US,"Cat Tunnel Bed, Cat Brush, cattok, pet products, Cats Of TikTok, tik tok shop, TikTok Shop Items, powder donut face pets, cat accessories, toothbrush cat",16200,119,69,321100,Diz and Dub bith love their cat donut from the tiktok shop! Get it before sale runs out! üòª #fyp #foryou #petbrush #cattunnel #catcave #TikTokShop  #catmom #catdad #catperson #smurfcat #PetsOfTikTok #catbed #catsoftiktok #petlover #catlover #happycat #save #foryoupage #catdonut #tiktokshopblackfriday #tiktokshopcybermonday,TRUE,,misfitpets,Misfitpets,,,,,,FALSE
7303242532790619422,2023-11-19 13:31:12,12,US,"cider sweater dress, Sweater Dress, knitted sweater dress, knitted dress, cider dress, 2 piece knitted dress, dresses, Viral Dress TikTok, Dress Outfit, Fashion Dresses",115900,1650,400,5800000,this dress fits like a glove! so flattering & comfy! love that it is a 2 piece as well ü§ç @Cider #sweaterdress #knitteddress #viraldress #cider #shopcider #TikTokShopBlackFriday #tiktokshopcybermonday,TRUE,,hayyy.leyyy,Hay,,,,,,FALSE
7285271361201687839,2023-10-02 4:14:27,171,US,"homeika pet vacuum, dog grooming vacuum, tik tok shop, homeika vacuum, homeika, dog grooming, Pet Vacuum, Belgian Malinois, vacuums, Vacuum Cleaner Pets",375700,54000,1770,10900000,"Paw Patrol approves this message. üê∂üöî RUN DONT WALK! @Homeika_Official, I love you. #obsessed #homeikaofficial #homeikavacuum #homeika #tiktokmademebuyit #petgrooming #k9softiktok #k9officer #k9handler #tiktokshop #shoporflop #pawpatrol #holidaysteals",TRUE,,amurphyrn,Allyssa ‚ú®,,,,,,FALSE
7301040085624016170,2023-11-13 15:04:44,71,US,"Cat Water Fountain, stainless steel water fountain, Cat Fountain, stainless steel fountain, uah pet fountain, Cattok, Fountain, Cat Of Tiktok, Stainless Steel, pet products",187000,8453,1416,3600000,Stainless steel water fountains are my favorite. Use code 'WHITEBEARD' for 20% off!! #cats #catsoftiktok #pets #petsoftiktok #tabbycats #tortoiseshellcats #catlover #catslover #cutecats #UAHPET #PetFountain,TRUE,,whitebeardcats,Tammy & Sesame,,,,,,FALSE
7310401556791217450,2023-12-08 20:31:51,64,US,"lenovo gm2pro earbuds, lenovo earbuds, TikTok shop, lenovo, Headphones, gm2 pro, airpods, bluetooth earbuds, bluetooth earphones, Lenovo Headphones",84400,10600,1429,19200000,Most insane deal I‚Äôve ever seen #lenovo #gm2pro #lenovogm2pro #earbuds #bluetooth #music #bluetoothearphone #coolgadget #tiktokshopholidaysale #thinkplus,TRUE,,grantsdealz,GrantsDealz,,,,,,FALSE
7305133360932736299,2023-11-24 15:48:36,83,US,"Gift Idea, gift, black friday sale, Dolphins, Present Ideas, birthday gift, Milk Frother Machine, black friday deals 2023, Milk Soft Candy, Carbonated Milk",686500,34300,7371,14500000,Get em while they last! #blackfridaysale #blackfriday2023 #giftideas #gift,TRUE,,beersycancover,Beersy,,,,,,FALSE
7310348190866361643,2023-12-08 17:04:55,153,US,"digital photo frame, digital picture frame deal 2023, bsimb digital picture frame, picture frame digital, tiktokshop, christmas gift ideas, frameo digital frame, digital frame, tiktok shop online store, bsimbframes",59900,6991,817,8500000,"Not just for grandparents! As a millenial I dont print photos, so this digital frame comes in clutch. @BSIMBFRAMES #christmasgift #giftidea #tiktokshop #tiktokshopgifts #grandparentgifts #digitalphotoframe #tiktokshopholidaydeals",TRUE,,mikesdealfinder,Mikes Deal Finder,,,,,,FALSE
7308910422436990239,2023-12-04 20:05:27,76,US,"TikTok Shop, calendar 2024, mental health calendar, shop tiktok store, TikTok Shop Online Store, calendar, taylor swift 2024 calendar, Tiktok Shop Online, advent calendars, TikTok Calendar",1200000,227900,9022,44000000,A calendar for tired ass women ü§£ #tiredasswomen #2024calendar #tiktokshop #tiktokshopholiday #tiktokshopfinds #tiktokshopmusthavesforgirls,TRUE,,painfreebeauty,Deb,,,,,,FALSE
7308838652145175839,2023-12-04 15:27:12,48,US,"foot massage machine, Foot Massager, feet massaging machine, hand massaging machine, massage chair, tiktok made me buy it, shiatsu massager, Massager Device, Feet Massaging, Machine",461400,20400,2480,21200000,Best investment #feet #footmassage #massager #relief #pain,TRUE,,mr.hagasaki,Evil Taco üòà,,,,,,FALSE
7298876801017859358,2023-11-07 19:09:53,106,US,"kosas blush, kosas, kosas spray, full face makeup, Full Face, Makeup, Full Face Makeup Routine, Full Face Makeup Brand, Makeup Look, lip oil",20900,87,201,627800,All we need is liquid blushes but @Kosas is üî•!! #fullfacemakeup #kosaslipoil #kosasmakeup #makeupchallenge #fullfacechallenge #kosasreview #makeuproutine,TRUE,,krissleos,Kriss&Esme,,,,,,FALSE
7275806851248229664,2023-09-06 16:06:37,11,US,"Arianagrande, Sweetener Foundation, rem beauty foundation, rem beauty, rem foundation, foundation, make up, Foundation Cosmetics, Foundation Recommendation, Foundation Recommend",172000,4236,1431,3800000,"a skincare-infused foundation with actual weightless coverage? dreams do come true üåô‚òÅÔ∏è‚ô° #sweetener foundation is packed with niacinamide, hyaluronic acid spheres, and raspberry leaf extract that work together to deliver instant and longterm skincare benefits for a dreamy soft-matte makeup base",TRUE,,r.e.m.beauty,r.e.m. beauty,,,,,,TRUE
7287038708895812906,2023-10-06 22:32:08,13,US,"Lip Plumper, lip pumps gloss, lip plumbers lipgloss tiktok, handiyah lip pumper, lip gloss, lip plumping booster gloss, plumbing lip gloss, Best Lip Plumper, lip plumbers lip gloss, lip plumper video",1100000,21100,2823,16600000,Its back in stocküòãüòç #repost #lipplumpergloss,TRUE,,ebonygorl,Anon,,,,,,FALSE
7291871618232569106,2023-10-20 22:00:00,15,US,"sheglam, Sheglam Harry Potter, sheglam makeup, Unboxing Makeup, unboxing, Makeup, SHEGLAM Cosmetics, Sheglam Collection, SHEGLAM Products, makeup products",502800,25200,3136,11200000,Unboxing our NEW Care Bears x SHEGLAM Collection (part 1) üêª#SHEGLAMcarebears #carebearsmakeup #unboxing  #unboxingvedio #unboxingcosmetics  #makeupunboxing #asmr #carebears‚ù§Ô∏èüß∏ #sheglam,TRUE,,sheglam,SHEGLAM,,,,,,TRUE
7289484690874977566,2023-10-13 12:43:46,32,US,"chamoy gusher, Chamoy Candy, Chamoy Pickle Kit, freeze dried skittle, kimdysweets, tiktok shop, Freeze Dried Candy, chamoy, mexican candy, candy tiktok shop",66000,1099,457,3200000,Replying to @Gio BACK IN STOCK!! #spicycandy #gushers,TRUE,,kimdysweets,KimdySweets,,,,,,FALSE
7277210396237286689,2023-09-10 10:53:07,22,GB,"tudkun lip plumber, lip plumper, tudkun lipgloss review, Lip Gloss, tudkun lipglosses, lip pumps gloss, Best Lip Plumper, essence lip plumper, big mouth gloss, plumping lip gloss",2300000,115500,6646,17800000,Your sign to try them !üíñ #lipplumper,TRUE,,tudkun,TUDKUN,,,,,,FALSE
7291776534720040238,2023-10-19 16:57:17,105,US,"disney  100, BodySuit, Disney, tik tok shop, long sleeve bodysuit, viral bodysuit, shop tiktok shop, Bodysuit Viral TikTok, Bodysuit TikTok, T Shirt Bodysuit",607700,2413,1507,20300000,BUY THIS NOW üòª#viralbodysuit #tiktokshop,TRUE,,kali_morris_45,Kahlysta,,,,,,FALSE
7194556439497641262,2023-01-30 16:13:38,13,US,"mocha coffee, #coffee, iced coffee, Coffee Tiktok, Making Coffee, Moka Pot Coffee, Coffee Lover, people making coffee, Coffee Recipes, Donut Mocha Syrup",1783,127,17,1700000,Stop by Honey Dew to taste what the (Mocha) Madness is all about! #honeydewdonuts #mochaicedcoffee #mochacoffee #icedcoffee #coffee #coffeeshop #newenglandcoffee #massachusetts #icedcoffeetiktok #icedcoffeelover #coffeerecipe #coffeerun,TRUE,,honeydewdonutsofficial,Honey Dew Donuts,,,,,,FALSE
7284679657268497706,2023-09-30 13:57:49,122,US,"bretmanrock, Eyeliner, Breakup Proof Eyes, wetnwildbeauty eyeliner, wetnwild eyeliner, Eyeliner Recommendation, Eyeliner Looks, Eyeliner Eyeshadow, eyeliner in eye, Natural Eyeliner",188300,2131,654,2400000,"@wetnwildbeauty breakup proof eyeliner is a must for breakup szn! Tears, rain, sweat‚Äînone of it stands a chance #breakupproofeyes #crueltyfree #ad",TRUE,,bretmanrock,bretmanrock,,,,,,TRUE
7283923113476115754,2023-09-28 13:01:53,42,US,"Security Technology Gadgets, Financial Advisor, security cameras, internet money, If You Ain't Got My Money",3835,94,46,1800000,"Protecting your financial data just got easier. Get the @PayPal app at the link in my bio, security is their top priority, and having access to their PassKey Tech + other great features like Purchase Protection and 24/7 Fraud Monitoring has given me a ton of peace of mind. #PayitSafe #PayPalPartner #sponsored",TRUE,,humphreytalks,Humphrey Yang,,,,,,TRUE
7283252225273531694,2023-09-26 17:38:33,21,US,,27500,1505,1125,18600000,"#AD #LOrealParisPartner #LOrealParisCosmetics You all know I love a good matte foundation! Between the lightweight, buildable coverage and its gorgeous natural finish, what's not to love! I'm wearing shade 410 Ivory! Enjoy up to 24 hours of transferproof magic in a bottle! #codyjayartistry #infalliblefreshwear #infallibleperfectbase #foundationreview  #bestfoundations",TRUE,,codyjayartistry,Cody Jay,,,,,,FALSE
7284302431138139434,2023-09-29 13:34:03,139,US,,6158,91,43,441500,"Replying to @babygirl0427971 this thing has me üî•&ü´® .. link above my caption for tiktok shop, or check amazon for some of the ones I had in the video #periodpain #painreliefproducts #backpain #backpainrelief #endometriosis #pcos #portableheatingpad #vibrationalhealing #foryou #fyp #trending #viral",TRUE,,amills97,Autumnüçâ,,,,,,FALSE
7275407561875049729,2023-09-05 14:17:09,37,,"disney 100, got a white boy on my roster, Disney, disney 100 card game, disney 100 game, the disney 100 game, disneyland, Disney TikTok, disney magic, roster changes",75500,884,809,34700000,Win 20x Your Money Now,TRUE,,Underdog Fantasy,Underdog Fantasy,,,,,,FALSE
7275486295315500319,2023-09-05 19:22:47,32,US,,6738,59,39,1500000,#NeutrogenaPartner build your skincare routine by purchasing these on Amazon @Neutrogena,TRUE,,rylie_shaw,Rylie Shaw ‚ú®,,,,,,FALSE
7218579553847889195,2023-04-05 10:59:38,29,US,"jake from state farm og, original jake from state farm, noir films, jake from state farm edit, noir aesthetic, outfit, Movie Outfit Ideas, Outfit Ideas, What I Would Wear, Inspired Outfits",249100,3288,2330,10800000,Tickets to all of these are already sold out #Movie #Film #FilmTok #GRWM #OutfitIdeas,TRUE,,jakefromstatefarm,Jake from State Farm,,,,,,TRUE
7264807652872441130,2023-08-08 0:44:08,138,US,,17500,614,278,537300,This bodysuit is literally EVERYTHING!!!!!! Fully stocked as of right now !!! #newproductalert #tiktokshop #tiktokshopping #tiktokshopfinds #backtoschool #bodysuit #bodysuits #alexanderjane #alexanderjaneboutique #nobra #nobraneeded #viralbodysuit @Alexander Jane @TikTok Shop üá∫üá∏,TRUE,,lushoctober,Lush October,,,,,,FALSE
7197150244356787502,2023-02-06 15:58:52,25,US,"jovani dress, Fully Beaded Dress, gown, Dresses, gown dress, Pageant Dresses, Gown Outfit, Jovani Designer Dresses, Promotion Dresses, Dress For Wedding",9206,293,35,199900,#Repost @jovanifashions with @appreposteasy ‚Å£ ... ‚Å£ What color would you wear? Our favorite #JOVANI just got a little sweeter ü§©ü§© #Style #07031 now available to order in 4 colors üíô‚ù§Ô∏èüíúü§ç #prom #pageant #gown #fullybeaded #dress #promlook,TRUE,,jovanifashion,JOVANI,,,,,,FALSE
7274347664320318763,2023-09-02 17:44:22,183,US,"travis kelce taylor swift, tik tok shop, travis kelce, thrive mascara, fan fest mascara, Mascara, Burning Man, best mascara, essence extra volume mascara, Benefit Fan Fest Mascara",434300,9322,5485,15200000,"Super impressed with this fanning mascara, back in stock - i linked it in the bottom left hand corner above my handle, at the orange icon üß° üëÅÔ∏è This mascara adds so much length and volume! #fanfest #fanfestmascara #benefitpartner @Benefit Cosmetics #tiktokshop #mascara I heard this was the best selling mascara on TikTok and now i know why! #fyp",TRUE,,haleyparkerstyle,haleyparkerstyle,,,,,,FALSE
7330634204663008558,2024-02-01 9:04:58,24,US,"zach king, Pepsi, pepsi cherry, pepsi commercial, peeps pepsi soda, pepsi peeps, pepsi pink drink, Better With Pepsi, Pepsi Truck, I Really Do Like Pepsi",408400,1981,1808,28100000,Don‚Äôt forget the cherry üçí on top! üç® @Pepsi #PepsiPartner #ad,TRUE,,zachking,Zach King,,,,,,TRUE
7314526662929009921,2023-12-19 23:19:16,36,FAKE-AD,"free shipping, free shipping items, Online Boutiques With Fast Shipping",80,0,1,324400,20% off on your first order with free & fast shipping. Use promo code NEW20.,TRUE,,iHerb,iHerb,,,,,,FALSE
7331894559816879391,2024-02-04 18:36:11,137,US,"Cirkul Water Bottle, cirkul, cirkul honest reviews, cirkul flavors, Cirkul Water Bottle Flavors, water bottle, drinkcirkul, Flavored Water Bottles, water, Flavored Water",16000,86,0,2200000,Thank you @Cirkul for making these so good that i reach my water goals!‚ú® #cirkulinfluencer #drinkcirkul #cirkul #cirkulwaterbottle,TRUE,,faithcagnina,FAITH CAGNINAü™©,,,,,,FALSE
7332200424327351582,2024-02-05 14:23:14,53,US,"sam hurley, sam hurley old tiktoks, sam hurley 2019, hurley brothers, sam hurley and his gf, sam hurley and riley saurage, sam hurley and josh richards, sam hurley girlfriend, old sam hurley, Hurley",84100,522,336,25500000,Ready to make your moves count at tax time with TurboTax? Get your biggest possible refund and file today! Link in bio #MakeYourMovesCount #TurboTaxPartner,TRUE,,samhurley,SAMHURLEYüåä,,,,,,TRUE
7335566436393405698,2024-02-14 16:04:19,15,FAKE-AD,,50,2,0,84500,"DREAM INTERNSHIP ALERT! If you're a student dreaming about a job in social media marketing, apply!",TRUE,,efultimatebreak,efultimatebreak,,,,,,FALSE
7332876285930196226,2024-02-07 10:05:09,29,FAKE-AD,,3342,36,20,2200000,"Get your pets food, toys, and necessities straight to your door with Chewy.",TRUE,,Chewy,Chewy,,,,,,FALSE
7335490150174067970,2024-02-14 11:08:17,11,FAKE-AD,"Money Way, fast money game, How To Make Money On TikTok, money for fun, How To Travel And Make Money, money pieces",2851,56,0,4400000,Make money fast,TRUE,,Dasher,Dasher,,,,,,FALSE
7333694041759976706,2024-02-09 14:58:27,15,FAKE-AD,,2938,135,46,11100000,"Find your spring inspiration with 20% off select clothing, bedding & bath, furniture & more.",TRUE,,Target,Target,,,,,,FALSE
7334864897236372738,2024-02-12 18:42:00,15,FAKE-AD,"denim, Denim Outfits, denim on denim outfit, Denim Pants, Denim Trousers, Denim Jeans Outfit, Denim Skirts, denim jacket, Denim Romper, denim top outfit",1744,23,20,4600000,"New arrivals in on-trend denim on denim, neutral tones, relaxed fits & more. 
",TRUE,,American Eagle,American Eagle,,,,,,FALSE
7331057468157545730,2024-02-02 12:27:14,10,FAKE-AD,"Prada Paradoxe, Prada Paradoxe Perfume, Fragrance, Prada Perfume, Prada, Prada Cologne, Perfume, Musk Perfume, PerfumeTikTok, Prada Paradoxe Nyc",35,0,1,211800,"Discover Paradoxe, the fragrance by Prada featuring notes of Neroli Bud, White Amber, and White Musk",TRUE,,Prada Beauty,Prada Beauty,,,,,,FALSE
7335490150174067970,2024-02-14 11:08:17,11,FAKE-AD,"Money Way, fast money game, How To Make Money On TikTok, How To Travel And Make Money, money pieces",3054,56,0,4900000,Make money fast,TRUE,,Dasher,Dasher,,,,,,FALSE
7307327613108899073,2023-11-30 13:43:16,6,FAKE-AD,Hall Decor,4828,193,79,26400000,Take relief anywhere with new HALLS Minis and feel the HALLS cooling breath.,TRUE,,HALLS,HALLS,,,,,,FALSE
7333325744845688066,2024-02-08 15:09:17,8,FAKE-AD,"starbucks, Chocolate Covered Strawberry Starbucks, chocolate covered strawberry, starbucks valentines drink, strawberry cream frappuccino, chocolate strawberries, chocolate covered strawberry creme frappucino, Strawberry Drinks, Chocolate Covered Fruit, Strawberry",84200,4916,0,69300000,Dip into delicious. Chocolate-Covered Strawberry Cr√®me Frappuccino¬Æ Blended Beverage.,TRUE,,Starbucks,Starbucks,,,,,,FALSE
7335241007757348098,2024-02-13 19:01:30,13,FAKE-AD,"happy valentine's day, Bob Marley Movie, Bob Marley, one love bob marley, bob marley grandson, love, one love movie 2024, Bob Marley Best Hits, Bob Marley Son, valentine's day",32100,586,447,14200000,Shake your phone to feel the LOVE! Get tix to see Bob Marley: One Love in theatres!,TRUE,,onelovemovie,onelovemovie,,,,,,FALSE
7328490261221231873,2024-01-26 14:25:09,25,FAKE-AD,"tj maxx finds, tj maxx, tj maxx haul, Tjmaxx Shopping, Shopping At Tj Maxx, T.J. Maxx Bags, T.J.Maxx Purses, Tj Maxx Jewelry, Tjmaxx Earrings, Trip Essentials",6919,72,39,25300000,"The best way to prep for any trip is a haul of timeless, high-quality goodies. TJ Maxx Partner‚Äã",TRUE,,tjmaxx,tjmaxx,,,,,,FALSE
7312828146833689858,2023-12-15 9:28:08,6,FAKE-AD,"duck plum lip gloss, nyxcosmetics, lip gloss, Lip Plumping Gloss, nyx duck plum, Plump Lips, Plum Lip Gloss, Plumping Lip Gloss Recommendation, lip plumping booster gloss, lip plumper video",11300,124,143,19800000,Duck Plump is your one stop shop for instant and over time plumping in one high pigment swipe!,TRUE,,nyxcosmetics,nyxcosmetics,,,,,,FALSE
7307671588575399169,2023-12-01 11:58:03,11,FAKE-AD,"steak, CAVA Restaurant, cava, Steak Tiktok, Grilled Steak, steak cooking, Steak On The Grill, Cava Pita Chip, Big Steak, Steak Quesadilla",224,5,4,236300,"Juicy, tender steak is now on the menu at CAVA - try it on your custom pita today!",TRUE,,CAVA,CAVA,,,,,,FALSE
7328900561170894082,2024-01-27 16:57:19,15,FAKE-AD,"UPS, business, UPS Delivery, Business Owner, UPS Poster Printing, UPS Delivery Driver, Ups Warehouse, Ups Factory, Ups Pay Raise, UPS Preloader Job",774,12,2,5500000,From one small business to another. Sign up for a UPS account and get up to 74% off. Terms apply,TRUE,,UPS,UPS,,,,,,FALSE
7328497893508254977,2024-01-26 14:54:46,14,FAKE-AD,"outfit, Vacation Fits, Travel Outfits, Outfits For Traveling, Vacation Outfits Inspo, Vacation Outfit Ideas, Resort Vacation Outfits, Vacation Outfits 2023, summer outfits, Outfits For Beach Vacation",13500,108,58,31100000,"luggage to outfits ‚Äì we have everything you need for that upcoming vacay, all for less.",TRUE,,marshalls,marshalls,,,,,,FALSE
7329378417030286594,2024-01-28 23:51:39,23,FAKE-AD,"Essentials T Shirt, essentials hoodies, Essentials Product, Essentials Dress, Spring Must Haves, spring shoes, Spring Outfits, Essential Shopping, Spring Haul, Tiktok Home Essentials",522,1,6,285900,Use code TIKTOK for a 20% discount on spring essentials! Super fast shipping + easy returns <3,TRUE,,princesspolly,princesspolly,,,,,,FALSE
7325577719301803266,2024-01-18 18:02:59,30,FAKE-AD,"Bilt Review Credit, rental arbitrage, Efficiency For Rent, Rent Cheap Apartment",6620,112,70,3300000,Earn points on rent with the Bilt Mastercard¬Æ. Terms apply.,TRUE,,Bilt Rewards,Bilt Rewards,,,,,,FALSE
7329372524947557634,2024-01-28 23:28:47,10,FAKE-AD,"princess polly, Princess Polly Dresses, Princess Polly Shoes, princess polly top, Princess Polly Loafers, polly dresses, Princess Polly Dresses Outfit, Clothes Shop, Princess Polly Skirt Outfits, Princess Polly Sequin Dress",434,2,1,373400,"Get ready for spring! Exclusive designs perfect for all day, everyday. Shop Princess Polly now!",TRUE,,princesspolly,princesspolly,,,,,,FALSE
7321519240786218283,2024-01-07 19:34:23,73,US,"4k vlogging camera, Camera, 4k digital camera, tripod for camera, best vlogging camera, microphone for camera, Vlog Camera, tiktok camera, Cameras For TikTok Videos, Digital Camera Vlog",72700,1460,441,1500000,I‚Äôm so excited to start using this to vlog!!ü§©üì≤ Y‚Äôall need this vlogging cameraüôåüèΩ Exact camera is linked in my showcaseü•∞ #vloggingcamera #tiktokshopfind #tiktokshopdeals #vlog #vlogcamera #contentcreator2024,TRUE,,samanthadugc,Sam‚Äôs Fav Finds üíñ UGC,,,,,,FALSE
7321804258045660417,2024-01-08 14:00:03,30,FAKE-AD,"Cloud Slides, Running Shoes, eclipse, Best Shoes For Walking, Runner, Best Running Shoes, Running Shoes Recommendations, Best Shoes Recommendations, on cloud shoes, eclipse shadows",3738,83,35,2500000,The max-cushioned Cloudeclipse is runner approved. For miles on road and pavement.,TRUE,,onrunning,onrunning,,,,,,FALSE
7322519358398385409,2024-01-10 12:15:00,13,FAKE-AD,"always on my mind, good days sza, Curology Review, curology, Good Days, Curology Skincare, Curology Eye Cream, sza songs, Custom Formula Curology, Dermatologist Curology",16800,182,226,20300000,"New year, new glow. For a limited time, get your first Curology box for just $5!",TRUE,,Curology,Curology,,,,,,FALSE
7317528556815387906,2023-12-28 1:28:09,30,FAKE-AD,"Olive Young, Olive Young Products, Olive Young Welcome Box, Furniture Deals, Olive Young Haul, amazon deals",7389,23,33,4200000,Sign Up Today and Get Access to 0.99 Deals,TRUE,,oliveyoung_global,oliveyoung_global,,,,,,FALSE
7323334442137750786,2024-01-12 16:57:56,22,FAKE-AD,"wedding registry, baby registry, burberry, blueberry morning cereal, Burberry Review, Morning Activities, Wedding Registry Ideas, morning vlogs, Baby Registry List, Wedding Registry Must Haves",2961,441,16,3600000,Get one-on-one help at one of our Private Registry Mornings. @boxwoodsandburberry gave hers a 10/10,TRUE,,crateandbarrel,crateandbarrel,,,,,,FALSE
7309963190123646210,2023-12-07 16:10:38,14,FAKE-AD,"Byte Aligner Review, byte aligners, Smile Teeth Product, Digital Byte, Clear Aligners, Tech For Smiling, smile, Byte Experience, byte in computer, Byte Honest Review",25500,462,0,28400000,Get the smile of your dreams with Byte!,TRUE,,Byte¬Æ,Byte¬Æ,,,,,,FALSE
7302187145748368683,2023-11-16 17:15:48,7,US,"my brother walked behind me, Kaylee, BFFs Pod, The Bffs Podcast, barstoolsports, cute couple dances",1400000,9997,2147,5900000,Bro stopped mid dance üíÄ @BFFs Pod (via:@kaylee),FALSE,,barstoolsports,Barstool Sports,,,,,,TRUE
7304222961148546350,2023-11-22 4:56:34,126,US,"wildlife animals, animals of tiktok, Wild Animals, Lions, Wildlife, Wild Animals Videos, wild animals of TikTok, Lions Videos, buffalo, Funny Videos Animals",306800,69400,6533,11100000,What a dramatic scene #üòÇ #animlas #animalsoftiktok #wildanimals #foryou #fyp #wildlifephotography,FALSE,,animals.world992,Animals.world992,,,,,,FALSE
7294441892245277995,2023-10-26 21:20:09,57,US,"war draft prank, draft into war prank, draft prank, pranking my friend she got drafted, fake military draft prank, draft into war prank women, getting drafted prank, woman being drafted for war prank, woman being drafted for war, military draft prank",782800,21800,3933,4800000,Basecamp starts November 8th so wish her luckü™ñü§©üá∫üá∏#fyp #wardraft #prank #wardraftprank #funny #foryoupage #womendraft #womendrafting,FALSE,,thetrigotrio,trigotrio,,,,,,FALSE
7303617806669450529,2023-11-20 13:47:20,24,NL,"fake escalator tutorial, tutorial escalator trick, fake escalator, tutorial fake escalator trick, how to do the fake escalator, fake escalator walk tutorial, how to fake escalator on stair, how to do escalator trick on stairs, how to do fake escalator trick on stairs, escalator trick",4200000,41700,6352,50900000,He really killed it #bobbysmith #fakescalator #escalator #joke #madskills #wow #thatsinteresting #funnyvideo #fyp #viral #blowthisup #fyppp #xyz #meme #talentedguy #pureskill #10000hours #griffrule #lostcomuk,FALSE,,fairlydcent_,FairlyDcent,,,,,,FALSE
7296679616054332703,2023-11-01 22:03:37,12,US,"hey hey you you, Cat Memes, fat cat, petsmeowwoof, Funny Cats, happy happy happy cat, huh cat meme, Cat Funny Videos, Chonky Cat, cats meowing",5800000,250200,46400,65900000,hey hey you you#cats #fyp,FALSE,,petsmeowwoof,Petsmeowwoof,,,,,,FALSE
7300688653309758752,2023-11-12 16:20:44,65,AT,"caseoh, CaseOh PS5 Messages, caseoh funny moments, caseoh games messages on ps5, caseoh breaks character, caseohgames, caseoh marcelo, caseoh laughing, caseohgames funny moments, caseoh 1 by 1 lego",977900,16700,4514,6800000,CaseOh FUNNIEST PS5 Messages CompilationüëÄüò≠ #caseoh #caseohgames #ps5messages #caseohclips #caseohfunnymoments,FALSE,,clipz.town2,Clipz Town,,,,,,FALSE
7279419886428884229,2023-09-16 9:47:01,13,ZA,"Family Guy, stewie funny moments, cleveland family guy, stewie, family guy stewie, Stewie Griffin, family guy clips, Family Guy Full Episodes, family guy funny moment, stewie from family guy",756500,12000,1274,6800000,#FAMILYGUY bro didn't even have to say anything elseüò≠ || #comedy #funny #fyp #viral #thankusmfor7k #8k? #billion,FALSE,,tv.clipx,road to 40k!!!üíï,,,,,,FALSE
7302229929381448990,2023-11-16 20:01:47,32,US,"Ross Creations, ross creations honk, Harmless Pranks, jesus prank, ross creations beans in computer, funny pranks, scaring people prank, Funny Prank Videos, Sticker Car, funny scare pranks",2100000,81600,4039,15900000,Bumper Sticker Pranks pt 1,FALSE,,creationsross,RossCreations,,,,,,FALSE
7302540991448272160,2023-11-17 16:08:44,0,US,"rizz, Cattok, Cats Of TikTok, cat rizz, Cat Videos, cat tiktok, Kitty Cats Of Tiktok, kitty rizz, kitty videos, Cat Rizz Videos",134400,15500,2066,1100000,ultimate rizz #kitty #rizz #cat #cattok #cattoks,FALSE,,rizzcatg,Rizz Cat,,,,,,FALSE
7299794890991586606,2023-11-10 6:32:40,64,US,"scary tiktok, scariest things caught on camera, scary video, jump scares for you, scary video footage, scary caught on camera, paranormal activity, horror videos, scary things, Paranormal Hauntings Videos",1100000,77600,11000,35800000,Yeah im gone #horror #blowthisup #explore #real #unknown #paranormal #haunted,FALSE,,coinflipenergy,Scary Videos,,,,,,FALSE
7302504463103757610,2023-11-17 13:47:24,0,US,"Ennard, ennard fnaf, scary tiktok, Ennard Wearing Michael, scary things, houses, creepiest things found in people houses, hidden doors in house found, Stair Slide, Ennard Scream",620900,1950,14700,6500000,Make sure you check out the link in bio üü´#bizarrephotos #photosthatareweird #slideshowmemes #slideshowphoto #coolphotos #realphoto #slideshowtrend #slideshowstory #slideshowsareback #slideshows #slideshow #creepyphotosthatshouldntexist #scarypics,FALSE,,photosthat,Best slides,,,,,,FALSE
7302791368525499690,2023-11-18 8:20:51,95,US,"marmot, marmot screaming, marmot voice overs, marmot gets touched, marmot attack, marmot funny videos, Cute Animals, Marmot Eating, marmota mascota, jual marmot",19200000,941300,231300,284300000,Marmot bathing üòÅ #marmot #animals #baby #pet #eating #asmr #bathing #cute #fyp,FALSE,,marmot_qh,Marmot QH,,,,,,FALSE
7302423030947499269,2023-11-17 8:31:04,61,BR,"Funny Cats, Funny Cat Videos, Cat Talking, Cats Meowing, black cats, funny animal videos, funny animals, Cattok, Funny Cats Of TikTok, Funny Cat Clips",605900,19300,1758,6200000,The black cat üò±üòÇ episode 108 #fyp #foryou #cat #funnycat #funny #pets #catsoftiktok #funnyanimals #funnypets #ü§£ü§£ü§£ #cattok #viral,FALSE,,funnykittensttk,Funny Kittens üòπüòªüá∫üá≤,,,,,,FALSE
7301390643107040555,2023-11-14 13:45:12,84,US,"macarena improv dance, pj turner dance, me too meghan trainor, me too improv dance, meghan trainor, tashinna beckman, Improv, Meghan Trainor Songs, Freestyle, dancing on my own",9300000,321600,81500,104800000,Awesome impro dance to PJ Turner & Tashina Beckmann üåü Event: RCS 2017 üëû Dance: West Coast Swing üéπ Songs: Me Too - Meghan Trainor #wcs #dance #swingdance #socialdance #randompartnerrandomsong #randomsongrandompartner #randomsongandpartner #randompartnerandsong #dancelife #dancing #dancer #ballroomdance #lindyhop #partnerdance #modernswing #westcoastswingmoments #wcswing #swingdancers #ballroom #swing #westcoastswingdancing #bachata #countrydance #socialdancing #swingdancing #dancememes #dancers #randompartnerrandomsong #bavaria,FALSE,,freestyle.dance.l,Freestyle Dance,,,,,,FALSE
7283920770030390535,2023-09-28 12:52:45,14,US,"fantasy dance trend japanese, fantasy meiko nakahara, fantasy meiko nakahara dance, fantasy japanese song dance, fantasy, fantasy meiko nakahara dance velocity, ÊÅã„ÅØ„Éó„É™„Ç∫„É†„ÅÆ„Éï„Ç°„É≥„Çø„Ç∏„Éº, ‰∏≠Âéü„ÇÅ„ÅÑ„Åì fantasy, fantasy meiko nakahara dance meme, fantasy dance trend",4300000,394500,13200,26200000,live laugh love cole,FALSE,,kittylover61,cole,,,,,,FALSE
7288544014066797867,2023-10-10 23:53:31,113,US,"the office, the office funny moments, The Office Bloopers, toby the office, office bloopers, why does michael hate toby, michael hating toby, no god please no meme, The Office Best Moments, michael and toby",1500000,11200,2446,12900000,Watch till the end #theoffice #bestmoments #fyp,FALSE,,clip..god,Clip God,,,,,,FALSE
7270883063712779550,2023-08-24 9:40:00,65,US,"family guy offensive jokes, Family Guy, family guy videos, family guy clips, Peter Griffin In Family Guy, Family Guy (1999), Family Guy Funny Moments, Family Guy 1999 Sitcom, griffin - family guy, stewie from family guy",394000,15300,634,3300000,Family Guy Most Offensive Joke Compilation | part 3 #familyguypeter,FALSE,,quyfamilyguypeter,Family guy Peter,,,,,,FALSE
7298816708175858990,2023-11-07 15:16:39,69,US,"cupboard, creepy neighbor, cupboard head, scary tiktok, cupboard scary video, creepy neighbors turn heads fast, scary caught on camera, paranormal activity, scary video, going for a walk and i see my neighbors",3600000,142100,31400,42800000,what would you do #haunted #paranormal #real #unknown #blowthisup #horror #explore,FALSE,,the.horror.show8,The Horror Show,,,,,,FALSE
7280943657711045934,2023-09-20 12:20:05,12,US,"golden retriever, Golden Retriever Puppy, turns around, puppies, puppy dogs, Dog Spinning Around, my dog, Dog Tricks, dogsofttiktok, Puppy Dog Song",2300000,372400,8937,24100000,Had to try this with Emma! Same result as Ellie üòÇ,FALSE,,elliegoldenlife,Golden Retriever Life,,,,,,TRUE
7290997476868492590,2023-10-17 14:34:06,18,US,"Taylor Swift Concert, taylor swift fans, Taylor Swift, taylor swift memes, Taylor Swift Concert Moments, taylor swift flapping hands, Taylorswifterastour, taylor swift tour, Taylor Swift Tour Moments, Taylor Swift Performing",164300,50000,944,2000000,Taylor Swift fans in a nutshell. FOLLOW FOR MORE FUCKED UP SHIT!!! #meme #memes #darkhumour #funnymeme #darkmeme #taylorswift #taylorswiftconcert,FALSE,,mr_giggles6234,Mr. Giggles,,,,,,FALSE
7289633162953608479,2023-10-13 22:19:55,61,US,"water, water video, Driving, Driving Car Video, water in water video, Water Slide Videos, on ramp water, Cool Under Water Videos, in the pit, Walking On Water",1700000,122600,4130,18200000,Its just a puddle of water dude lol üòÇüòÇüòÇüòÇ  #fyppppppppppppppppppppppppppppppppppp #fypusa #whatwouldyouhavedone #QuakerPregrain #funnyvideos #xybca #puddles #driving,FALSE,,laughhard__,Laugh Hard,,,,,,FALSE
7287974551881829662,2023-10-09 11:03:36,59,US,"stand up comedy, Comedy Video, target shopping, Standup, shopping, Going To Target, Target, Smallest Target, Shopping Tiktok, Standup Comedy Show",1800000,434300,5455,10300000,Lets go shopping together #joke #target #comedy #funny #indian #iranian #standup #lilspecial,FALSE,,omidsingh,Omid Singh,,,,,,FALSE
7291724096298044715,2023-10-19 13:33:59,7,US,"skeletor, until we meet again meme, skeletor until we meet again, skeletor facts, skeletor memes, until we meet again, remember skeletor, skeletor until we meet again original, until we meet again meme skeleton guy, skeletor mw2",1200000,202900,7675,6300000,,FALSE,,jorelinfamous87,Jorel Infamous,,,,,,FALSE
7294633050904759585,2023-10-27 9:41:53,68,DE,"wife surprises husband with a puppy and he surprises her, Basset Hound, Chocolate Lab, surprise with a puppy, wife surprising her husband part 2 story time, basset hound puppy, Puppy Surprise, wife surprising her husband with puppy, Dog Surprise, puppies",3900000,78600,11300,28800000,#family #surprise #fyp,FALSE,,janneksplace,Janneksplace,,,,,,FALSE
7266505215271046446,2023-08-12 14:31:38,30,US,"Beige Flag, boyfriends beige flag, couple, Couple TikTok, couple video, cute couple, Physical Touch Couple, Cute Couple Moments, couple tiktok trend, Beige Flag Marone",3200000,327100,11300,13400000,the sound effects and all #beigeflag #boyfriend #couples #therapy,FALSE,,mabeldustin,mabeldustin,,,,,,FALSE
7291112689223470379,2023-10-17 22:01:08,0,US,"questions for couples, whos more likely to couple edition, couple quiz questions, quiz for couples, couple questions, couple questions game, 21 questions, who is most likely to couple edition, Would You Rather Questions, couples quiz",336400,32700,1123,5700000,here‚Äôs a quick quiz for you and your bae #conversationstarters #romance #loveofmylife #couplesconversations #fyp„Ç∑,FALSE,,21_questions,21 Questions,,,,,,FALSE
7286605288067648811,2023-10-05 18:30:16,63,US,"perfectly cut minecraft, finn scream, Minecraft Funny Moments, funny minecraft clips, perfectly cut minecraft scream, Herobrine Minecraft, perfectly cut minecraft moments, Minecraft Game, Minecraft Video Game, herobrine",1100000,32500,1538,9000000,Perfectly Minecraft moments #fyp #foryou #foryoupage #minecraft #minecraftmoment #herobrine #mcpe #mcyt,FALSE,,tripzye,Tripzye,,,,,,FALSE
7291050534386044191,2023-10-17 17:59:56,9,US,"disney 100, Tyler From Turning Red, table falling backwards school, Turning Red, original video of the cafeteria table, bro laughed the table fell, laughed so hard the table fell, bro laughed so hard the table fell, lunch table falling, bro laughed so hard he made the table fall",5300000,142300,25000,35900000,Bro laughed so hard the table fell üòÇüòÇüòÇüòÇ  #fypusa #QuakerPregrain #fyppppppppppppppppppppppppppppppppppp #blowthisuptiktok #xybca #viralmoments #blowthisup #fypppppppppppppp #funnyvideos #funnymoments #prayagedit #whatcanisay #itsthewayyouact #pookienation #pookie #prayag #wholesome #table #cafeteria #lunchroom #recess,FALSE,,laughhard__,Laugh Hard,,,,,,FALSE
7290024685184519455,2023-10-14 23:39:38,212,US,"impractical jokers, sals sister, impractical jokers worst prank, catheter impractical jokers, Impractical Jokers Getting Recognized, james murray, The Impractical Jokers, Impractical Jokers Clips, impractical jokers punishment, Murray",244400,7228,685,2200000,The worst punishment in history ü§£ #impracticaljokers #impracticaljokersclips,FALSE,,hookedcast,Hooked Cast,,,,,,FALSE
7290518317603818785,2023-10-16 7:34:44,6,GB,"what are your intentions with daughter, what are your intentions with my son, funny memes, funny tiktok videos, relatable memes, gaviscon commercial firefighter, burn, relatable tiktok videos, Funny Memes To Watch, heartburn commercial",607200,169800,2120,7100000,They knew exactly what they was doing ü§£üåπ #gaviscon #heartburn #intentions #memes #meme #funnymemes #offensivememes #relatable #relatablecontent #relatablememes #thesigmaking #vforvendettavibes #vibes #vibe #viralmeme,FALSE,,vmemevibes,VMemeVibes,,,,,,FALSE
7266821585951100191,2023-08-13 11:00:29,192,US,"suits bloopers, suits, Suits Movie, Bloopers In Movies, movie bloopers, Bloopers, suits tv show, Bloopers Funny Moments, Suits Funny Moments, Suits Scene",46500,2940,70,541800,Suits bloopers pt. 2ü§£ü§£#TV #suits #fyp #movies,FALSE,,_clipssz_,CLIPZZZ,,,,,,FALSE
7311737372301970731,2023-12-12 10:55:32,63,US,"things humans never were meant to see, Fish, Spider, Molting, lake in egypt, water, plane takes off, Crab Spider, Flying Plane Videos, Giant Fish",508000,1838,1400,6000000,Things Human We're Never Meant To See üò≥ #interesting #fyp„Ç∑ #xyzbca #viral,FALSE,,interestingusa,Our Planet,,,,,,FALSE
7299722819204631809,2023-11-10 1:52:47,22,AU,"funny airport signs, airport pranks, Prank Videos, Airport, funny pranks, Funny Prank Videos, Airport TikTok, Sibling Prank, scare prank, Airport TikTok Trend",239200,4220,602,3900000,Replying to @king167396 Airport pranks part 3 | What should my next sign say? #fifo #airportsignprank #fyp #ldr,FALSE,,solemate.studios,Adelaide Wedding Photographer,,,,,,FALSE
7314505435715783967,2023-12-19 21:57:03,26,SA,"funny video, funny tiktok videos, Funny Moments Video, Funny Fails Video, Funny Caught On Camera, Comedy Video, Funny Video To Watch, thailand, funny tiktok videos to watch, funny acts caught on camera",189700,13800,1212,3500000,be careful üòÇüòÇüòÇüòÇüòÇüòÇüòÇüòÇ #funnyvideos #funnyvideo #funny #unfrezzmyaccount #fyp„Ç∑„Çöviral #fyp„Ç∑ #fyp #foryou,FALSE,,jutt.mp4,ùïÜ‚Ñï ùîΩùïÄ‚Ñùùîº üî•,,,,,,FALSE
7309069002398108970,2023-12-05 6:20:57,69,US,"take me to church, amen take me to church, rizz, biblical rizz, rizz text messages, amen song, bible rizz, texting rizz, rizz pickuplines, Minecraft Parkour",1200000,6605,4016,8500000,Biblical Rizz üò≠üôè #text #texts #textingstory #textingstories #minecraftparkour,FALSE,,dailydoseoftext,Daily Texts,,,,,,FALSE
7296989968516451617,2023-11-02 18:07:56,6,NL,"Couple Comedy, couples tiktok videos, couple, Couples Comedy Videos, Couple TikTok, Couples Of TikTok, Relationship TikTok, relationship, Cute Couple, Cute Couple Moments",754700,45600,2756,6800000,Why do pretty girls have stomach problems??  #fyp #stomach #stomachproblems #funny #relatable #girlfriendsbelike #couple #couplecomedy #relationships #relationshipproblems,FALSE,,arwinclara,Arwin & Clara,,,,,,FALSE
7314415880463584543,2023-12-19 16:09:36,7,US,"memecut, funny memes, Look At That Cat Meme, Meme Animation Edits, Memes Compilations, Animation Meme, funny meme trends, Funny Memes To Watch, I'm At A Loss Meme, Phone Buzzing Meme",464500,27700,2265,2600000,#MemeCut #Meme #MemeCut,FALSE,,cecile.1405,AvaüçÉ,,,,,,FALSE
7314845670551113003,2023-12-20 19:57:14,17,US,"coquette, coquette aesthetic, Studytok, study aesthetic, Study TikTok, Studying For College Exam, coquette room, College Student Essentials, Pink Coquette, Study Aesthetic Romanticizing",447000,3851,1592,3900000,i in fact did not resubmit Oops #coquetteaesthetic #studytok #exams #assignments #betterlucknexttime #college,FALSE,,vanityyrouge,emilie widjaja,,,,,,FALSE
7305193859053653278,2023-11-24 19:43:21,57,US,"salt spoon prank, salt prank, salt in food prank, Funny Prank Videos, funny prank, salt spoon prank on dad, Spoons, smelling salt reactions, smelling salt, wife scares husband pranks",418300,31500,6044,7100000,The End ü§£ü§£ #funny #funnyvideos #animals #dog #cat #pet #viarl #foryou #fyp (82),FALSE,,_tho_bay_mau_,Funny ü•∞üòç,,,,,,FALSE
7314379179955473695,2023-12-19 13:47:06,15,US,"booktok, Book Readings, Book TikTok, Books Of TikTok, Book Page, Dark Romance Book, Fantasy Romance Book, Book To Read, Fantasy Books, book pages detailed",391300,20200,1669,2400000,#booktok #reading #smut,FALSE,,simplysarah1313,Sarah,,,,,,FALSE
7314157735694585130,2023-12-18 23:27:43,48,US,"Golden Retriever Puppy, golden retrievers, How To Introduce Kitty To A Dog, puppies, Introducing Cat To Dog, Cat And Dog, Dog And Cat Friendship, Dog Raised By Cat, Puppy And Cat, Introducing Kitten To Dog",5000000,53900,12000,33300000,Dave isnt quite too sure about the new pup,FALSE,,sunnyanddave,Logan Petty,,,,,,FALSE
7304038467120516394,2023-11-21 17:00:00,29,US,"cat tree, Foster Kittens, Cat Tower For Kittens, kittens of tiktok, Cats Of Tiktok, Cat Videos, Cattok, Kitten Videos, Foster And Cat, Getting A Kitten",14900,218,100,277600,From a cat in the streets to the Queen of the Castle,FALSE,,brieraefit,Brieraefit,,,,,,FALSE
7314059461860085034,2023-12-18 17:06:18,54,US,"Stand Up Comedy, standup, new york city, Comedy NYC, new york, comedian, stand up performance, nyc city, Nyc, new york tiktok",7193,258,56,82900,I‚Äôm being 100% serious. Get angry. #nyc #newyork #newyorkcity #pride #jokes #humor #standup #standupcomedy #comedy #comedian #lol #fyp #comedyvideo #funny,FALSE,,geoffreyatm,Geoffrey Asmus,,,,,,FALSE
7299862398335241504,2023-11-10 10:54:27,66,DE,"most liked tiktok ever, what the f amigo, xray minecraft, using xray in minecraft, first time using xray minecraft, minecraft to go, Minecraft, video with the most likes, Minecraft Memes, The Most Liked TikTok Video",534800,1473,504,4500000,Guys you so crazy #minecraft #minecraftmemes credits: @? #herobrine #foryou #fyp #fy #challenge #viral #minecraftfacts #foryoupage #crazy #dream #funny #pablo #diy #pov #minecrafttogo,FALSE,,minecraft.to.go,Minecraft to go,,,,,,FALSE
7309226673138830638,2023-12-05 16:32:44,69,US,"just say you don't love me, couple, couples video, Couple TikTok, Couples Of TikTok, girl logic, Couple Goals, Couple Relationship Goals, pov you have a latina gf, Couples Aesthetic",1100000,21200,5599,7300000,Yall heard of girl math? This is girl logic üôè #couple #couplegoals #funny #fyp #toxic #gaelandale #justsayyoudontloveme,FALSE,,gaelandale,Gael and Ale,,,,,,FALSE
7309615264239291691,2023-12-06 17:40:44,0,US,"funny signs, funny signs slideshow, scary signs on roads, unsettling signs swipe, hilarious signs, signs slideshow, scary signs on roads slideshow, best signs ever, funny road signs, funny signs on roads",2800000,26600,10200,16000000,the best signs ever #hilarious #signs #cool,FALSE,,rand0mblackdud3,earlyman,,,,,,FALSE
7313989912074947886,2023-12-18 12:36:30,57,US,"Comedy Stand Up, standup, stand up performance, comedian, Stand-Up Comedian Performances, Standup Comedy Show, margie the magic bus, Stand Up Comedian Heckler, Matt Rife Stand Up Comedy, Margie Marge",332200,4671,827,2400000,Margie #standup #comedy #funny #jokes #crowdwork #standupcomedy #comedian #fyp #jeffarcuri,FALSE,,jeffarcuri,Jeff Arcuri,,,,,,FALSE
7311429882536348971,2023-12-11 15:02:24,13,US,"christmas games, christmas, grinch, McDonald‚Äôs, christmas dinner ideas, Ai Filter, christmas desserts, Christmas Cookies, family christmas games, the grinch",144700,1039,2518,8000000,Christmas is here. #fyp #christmas #itsthemostwonderfultimeoftheyear #dangglesdidit #mcdonalds,FALSE,,dangglesdid.it,Danggles DID‚Äùit,,,,,,FALSE
7298783794662853930,2023-11-07 13:09:00,7,US,"fake knife, fake knife prank, Cat Meowing, Do Not The Cat, fake knife prank on pet, Fat Cat, Cat Videos, Meowing Cat Sound, Please Do Not The Cat, funny cats",8300000,229700,45700,58600000,#cat #pet #catsoftiktok #–∫–æ—Ç—ã,FALSE,,pearlmycat,BigCatcute,,,,,,FALSE
7310346445855395118,2023-12-08 16:58:03,13,US,"pokemon filters, Pokemon, game filters, filters on tiktok, Games On TikTok Filters, Pokemon Ranking Filter, number puzzle filter, Pok√©mon Team Filter, Ditto Pokemon, Card Pokemon",7744,58,200,661300,They did me dirty! #pokemon #tiktok #reaction #react #filter,FALSE,,hungriipanda,üêº,,,,,,FALSE
7324773633413352735,2024-01-16 14:03:20,14,US,"little boy in the snow song, baby talking in snow, baby talking in snow remix dj kleb, baby in snow, baby talking in snow remix, baby babbling, baby talking in snow remix amapiano, baby language, baby shower, seeing snow for the first time",5000000,267100,102500,41200000,her first snow!!!!    #babies #fyp #herbertskids @sharna Jones,FALSE,,sharscott,Shar Scott,,,,,,FALSE
7324832344383245611,2024-01-16 17:50:45,6,US,"Running Vest, jacket, Jacket Outfits, Jacket Recommendation, running outfits, Fashion Jackets, winter jacket, jacket style outfit, Jackets For Winter, Jackets Outfit Ideas",7263,24,15,249900,So light & comfortable ü´∂üèΩü§ç‚ùÑÔ∏è #fyp,FALSE,,hokulvni_,Hokulani,,,,,,FALSE
7324422551969549610,2024-01-15 15:20:33,64,US,"Dachshunds, Dachshunds Of TikTok, dog of tiktok, Dachshund Dogs, Dog Videos, Dogtok, Day In A Life As A Dog, Dog Walking, Cute Dachshund, dewey",25600,1100,113,181300,A day in the life of a dog who hates walks #grwm #dachshundsoftiktok #dog #deweythedox,FALSE,,deweythedox,DeweyTheDox,,,,,,FALSE
7321446117185490207,2024-01-07 14:50:48,15,US,"Puffer Jacket, jacket, jersey puffer jacket, Puffer Jacket Outfit, puffer jacket nfl, Jacket Outfits, Jersey Outfits, Designer Outfit, Fashion Jackets, fashion designer",178600,1908,1808,3500000,Introducing the jersey puffer jacket! I made this puffer coat completely out of jerseys! Would you wear this to a game?! #nfl #49ers #designer #reworkedclothes #gamedayoutfit #pufferjacket,FALSE,,kristinjuszczyk,Kristin Juszczyk,,,,,,FALSE
7323723791312489770,2024-01-13 18:09:16,73,US,"i think this little life, i think i like little, i think i like little life prank kids, i think i like this little life scaring, i think i like little life song, i think this little life scream, i think i like little life baby, i think i like this little life baby, i think this little life trend, little life song",4800000,38800,29100,41700000,I think he likes his little life ‚ù£Ô∏è#boymom #gtubebaby #fyp #ithinkilikethislittlelife #momoftiktok #toddlerlife #tracheostomy,FALSE,,savannahcbravo,Savannah,,,,,,FALSE